case_num,casename_peri,casename_tumor
1,MET_0019_1A_Peri,MET_0019_1A
2,MET_0027_1A_Peri,MET_0027_1A
3,MET_0028_1A_Peri,MET_0028_1A
4,MET_0036_1A_Peri,MET_0036_1A
5,MET_0043_1A_Peri,MET_0043_1A
6,MET_0046_1A_Peri,MET_0046_1A
7,MET_0053_1A_Peri,MET_0053_1A
10,MET_0064_1A_Peri,MET_0064_1A
12,MET_0071_1A_Peri,MET_0071_1A
13,MET_0073_1A_Peri,MET_0073_1A
14,MET_0078_1A_Peri,MET_0078_1A
15,MET_0085_1A_Peri,MET_0085_1A
17,MET_0087_1A_Peri,MET_0087_1A
20,MET_0096_2D_Peri,MET_0096_2D
22,MET_0098_1B_Peri,MET_0098_1B
25,MET_0099_2C_Peri,MET_0099_2C
26,MET_0107_1A_Peri,MET_0107_1A
27,MET_0115_1A_Peri,MET_0115_1A
28,MET_0118_1A_Peri,MET_0118_1A
29,MET_0119_1A_Peri,MET_0119_1A
30,MET_0123_1A_Peri,MET_0123_1A
33,MET_0127_1B_Peri,MET_0127_1B
34,MET_0133_1A_Peri,MET_0133_1A
35,MET_0135_1A_Peri,MET_0135_1A
37,MET_0143_1B_Peri,MET_0143_1B
40,MET_0145_1A_Peri,MET_0145_1A
41,MET_0150_1A_Peri,MET_0150_1A
42,MET_0162_1A_Peri,MET_0162_1A
44,MET_0168_2B_Peri,MET_0168_2B
45,MET_0172_1A_Peri,MET_0172_1A
47,MET_0179_1A_Peri,MET_0179_1A
48,MET_0181_1A_Peri,MET_0181_1A
49,MET_0185_1A_Peri,MET_0185_1A
50,MET_0199_1A_Peri,MET_0199_1A
51,MET_0201_1A_Peri,MET_0201_1A
52,MET_0211_1A_Peri,MET_0211_1A
53,MET_0212_1A_Peri,MET_0212_1A
55,MET_0217_1B_Peri,MET_0217_1B
57,MET_0218_1A_Peri,MET_0218_1A
58,MET_0221_1B_Peri,MET_0221_1B
60,MET_0223_1A_Peri,MET_0223_1A
61,MET_0224_1A_Peri,MET_0224_1A
64,MET_0227_1B_Peri,MET_0227_1B
66,MET_0229_1A_Peri,MET_0229_1A
67,MET_0231_1A_Peri,MET_0231_1A
68,MET_0233_1A_Peri,MET_0233_1A
69,MET_0234_1A_Peri,MET_0234_1A
70,MET_0243_1A_Peri,MET_0243_1A
74,MET_0267_2B_Peri,MET_0267_2B
76,MET_0268_1B_Peri,MET_0268_1B
78,MET_0269_1B_Peri,MET_0269_1B
79,MET_0276_1A_Peri,MET_0276_1A
80,MET_0277_1A_Peri,MET_0277_1A
81,MET_0281_1A_Peri,MET_0281_1A
83,MET_0283_2B_Peri,MET_0283_2B
84,MET_0298_1A_Peri,MET_0298_1A
85,MET_0300_1A_Peri,MET_0300_1A
86,MET_0304_1A_Peri,MET_0304_1A
87,MET_0307_1A_Peri,MET_0307_1A
89,MET_0316_1B_Peri,MET_0316_1B
90,MET_0320_1A_Peri,MET_0320_1A
91,MET_0322_1A_Peri,MET_0322_1A
92,MET_0323_1A_Peri,MET_0323_1A
93,MET_0325_1A_Peri,MET_0325_1A
95,MET_0326_1A_Peri,MET_0326_1A
96,MET_0329_1A_Peri,MET_0329_1A
97,MET_0331_1A_Peri,MET_0331_1A
100,MET_0337_1A_Peri,MET_0337_1A
101,MET_0341_1A_Peri,MET_0341_1A
103,MET_0343_1A_Peri,MET_0343_1A
105,MET_0353_1B_Peri,MET_0353_1B
106,MET_0356_1A_Peri,MET_0356_1A
107,MET_0364_1A_Peri,MET_0364_1A
110,MET_0365_1C_Peri,MET_0365_1C
112,MET_0366_1A_Peri,MET_0366_1A
114,MET_0370_1A_Peri,MET_0370_1A
115,MET_0378_1A_Peri,MET_0378_1A
117,MET_0379_1A_Peri,MET_0379_1A
121,MET_0382_2D_Peri,MET_0382_2D
122,MET_0384_1A_Peri,MET_0384_1A
124,MET_0385_1B_Peri,MET_0385_1B
126,MET_0390_1B_Peri,MET_0390_1B
128,MET_0397_1B_Peri,MET_0397_1B
131,MET_0399_1A_Peri,MET_0399_1A
132,MET_0466_1A_Peri,MET_0466_1A
133,MET_0471_1A_Peri,MET_0471_1A
134,MET_0472_1A_Peri,MET_0472_1A
135,MET_0474_1A_Peri,MET_0474_1A
136,MET_0475_1A_Peri,MET_0475_1A
137,MET_0476_1A_Peri,MET_0476_1A
138,MET_0481_1A_Peri,MET_0481_1A
140,MET_0484_1B_Peri,MET_0484_1B
141,MET_0487_1A_Peri,MET_0487_1A
142,MET_0488_1A_Peri,MET_0488_1A
143,MET_0494_1A_Peri,MET_0494_1A
144,MET_0495_1A_Peri,MET_0495_1A
145,MET_0497_1A_Peri,MET_0497_1A
146,MET_0499_1A_Peri,MET_0499_1A
148,MET_0502_1A_Peri,MET_0502_1A
149,MET_0507_1A_Peri,MET_0507_1A
150,MET_0510_1A_Peri,MET_0510_1A
151,MET_0511_1A_Peri,MET_0511_1A
152,MET_0515_1A_Peri,MET_0515_1A
153,MET_0516_1A_Peri,MET_0516_1A
154,MET_0520_1A_Peri,MET_0520_1A
156,MET_0521_1A_Peri,MET_0521_1A
157,MET_0525_1A_Peri,MET_0525_1A
158,MET_0526_1A_Peri,MET_0526_1A
159,MET_0527_1A_Peri,MET_0527_1A
161,MET_0530_1A_Peri,MET_0530_1A
162,MET_0541_1A_Peri,MET_0541_1A
